{
  "version": "1.0",
  "tasks": [
    {
      "taskType": "trigger",
      "capabilityId": "IssueResponder",
      "subCapability": "IssuesOnlyResponder",
      "version": "1.0",
      "config": {
        "taskName": "Add needs triage label to new issues",
        "conditions": {
          "operator": "and",
          "operands": [
            {
              "name": "isAction",
              "parameters": {
                "action": "opened"
              }
            },
            {
              "operator": "not",
              "operands": [
                {
                  "name": "isPartOfProject",
                  "parameters": {}
                }
              ]
            },
            {
              "operator": "not",
              "operands": [
                {
                  "name": "isAssignedToSomeone",
                  "parameters": {}
                }
              ]
            }
          ]
        },
        "actions": [
          {
            "name": "addLabel",
            "parameters": {
              "label": "Needs: triage :mag:"
            }
          }
        ],
        "eventType": "issue",
        "eventNames": [
          "issues",
          "project_card"
        ]
      },
      "id": "Bj4GBYNso2X"
    },
    {
      "taskType": "trigger",
      "capabilityId": "IssueResponder",
      "subCapability": "IssueCommentResponder",
      "version": "1.0",
      "config": {
        "taskName": "Replace needs author feedback label with needs attention label when the author comments on an issue",
        "conditions": {
          "operator": "and",
          "operands": [
            {
              "name": "isAction",
              "parameters": {
                "action": "created"
              }
            },
            {
              "name": "isActivitySender",
              "parameters": {
                "user": {
                  "type": "author"
                }
              }
            },
            {
              "name": "hasLabel",
              "parameters": {
                "label": "Needs: author feedback"
              }
            },
            {
              "name": "isOpen",
              "parameters": {}
            }
          ]
        },
        "actions": [
          {
            "name": "addLabel",
            "parameters": {
              "label": "Needs: attention :wave:"
            }
          },
          {
            "name": "removeLabel",
            "parameters": {
              "label": "Needs: author feedback"
            }
          }
        ],
        "eventType": "issue",
        "eventNames": [
          "issue_comment"
        ]
      },
      "id": "-GrmPeQsyqS"
    },
    {
      "taskType": "trigger",
      "capabilityId": "IssueResponder",
      "subCapability": "IssuesOnlyResponder",
      "version": "1.0",
      "config": {
        "taskName": "Remove no recent activity label from issues",
        "conditions": {
          "operator": "and",
          "operands": [
            {
              "operator": "not",
              "operands": [
                {
                  "name": "isAction",
                  "parameters": {
                    "action": "closed"
                  }
                }
              ]
            },
            {
              "name": "hasLabel",
              "parameters": {
                "label": "Status: no recent activity"
              }
            }
          ]
        },
        "actions": [
          {
            "name": "removeLabel",
            "parameters": {
              "label": "Status: no recent activity"
            }
          }
        ],
        "eventType": "issue",
        "eventNames": [
          "issues",
          "project_card"
        ]
      },
      "id": "hJU0cv7kG_e"
    },
    {
      "taskType": "trigger",
      "capabilityId": "IssueResponder",
      "subCapability": "IssueCommentResponder",
      "version": "1.0",
      "config": {
        "taskName": "Remove no recent activity label when an issue is commented on",
        "conditions": {
          "operator": "and",
          "operands": [
            {
              "name": "hasLabel",
              "parameters": {
                "label": "Status: no recent activity"
              }
            }
          ]
        },
        "actions": [
          {
            "name": "removeLabel",
            "parameters": {
              "label": "Status: no recent activity"
            }
          }
        ],
        "eventType": "issue",
        "eventNames": [
          "issue_comment"
        ]
      },
      "id": "r067wlGnk8G"
    },
    {
      "taskType": "scheduled",
      "capabilityId": "ScheduledSearch",
      "subCapability": "ScheduledSearch",
      "version": "1.1",
      "config": {
        "taskName": "Close stale issues",
        "frequency": [
          {
            "weekDay": 0,
            "hours": [
              1,
              7,
              13,
              19
            ]
          },
          {
            "weekDay": 1,
            "hours": [
              1,
              7,
              13,
              19
            ]
          },
          {
            "weekDay": 2,
            "hours": [
              1,
              7,
              13,
              19
            ]
          },
          {
            "weekDay": 3,
            "hours": [
              1,
              7,
              13,
              19
            ]
          },
          {
            "weekDay": 4,
            "hours": [
              1,
              7,
              13,
              19
            ]
          },
          {
            "weekDay": 5,
            "hours": [
              1,
              7,
              13,
              19
            ]
          },
          {
            "weekDay": 6,
            "hours": [
              1,
              7,
              13,
              19
            ]
          }
        ],
        "searchTerms": [
          {
            "name": "isIssue",
            "parameters": {}
          },
          {
            "name": "isOpen",
            "parameters": {}
          },
          {
            "name": "hasLabel",
            "parameters": {
              "label": "Needs: author feedback"
            }
          },
          {
            "name": "hasLabel",
            "parameters": {
              "label": "Status: no recent activity"
            }
          },
          {
            "name": "noActivitySince",
            "parameters": {
              "days": 3
            }
          }
        ],
        "actions": [
          {
            "name": "closeIssue",
            "parameters": {}
          }
        ]
      },
      "id": "p7YI2VLbtwA"
    },
    {
      "taskType": "scheduled",
      "capabilityId": "ScheduledSearch",
      "subCapability": "ScheduledSearch",
      "version": "1.1",
      "config": {
        "taskName": "Add no recent activity label to issues",
        "frequency": [
          {
            "weekDay": 0,
            "hours": [
              2,
              8,
              14,
              20
            ]
          },
          {
            "weekDay": 1,
            "hours": [
              2,
              8,
              14,
              20
            ]
          },
          {
            "weekDay": 2,
            "hours": [
              2,
              8,
              14,
              20
            ]
          },
          {
            "weekDay": 3,
            "hours": [
              2,
              8,
              14,
              20
            ]
          },
          {
            "weekDay": 4,
            "hours": [
              2,
              8,
              14,
              20
            ]
          },
          {
            "weekDay": 5,
            "hours": [
              2,
              8,
              14,
              20
            ]
          },
          {
            "weekDay": 6,
            "hours": [
              2,
              8,
              14,
              20
            ]
          }
        ],
        "searchTerms": [
          {
            "name": "isIssue",
            "parameters": {}
          },
          {
            "name": "isOpen",
            "parameters": {}
          },
          {
            "name": "hasLabel",
            "parameters": {
              "label": "Needs: author feedback"
            }
          },
          {
            "name": "noActivitySince",
            "parameters": {
              "days": 4
            }
          },
          {
            "name": "noLabel",
            "parameters": {
              "label": "Status: no recent activity"
            }
          }
        ],
        "actions": [
          {
            "name": "addLabel",
            "parameters": {
              "label": "Status: no recent activity"
            }
          },
          {
            "name": "addReply",
            "parameters": {
              "comment": "This issue has been automatically marked as stale because it has been marked as requiring author feedback but has not had any activity for **4 days**. It will be closed if no further activity occurs **within 3 days of this comment**."
            }
          }
        ]
      },
      "id": "4jNG5bTxuDH"
    },
    {
      "taskType": "scheduled",
      "capabilityId": "ScheduledSearch",
      "subCapability": "ScheduledSearch",
      "version": "1.1",
      "config": {
        "taskName": "Close duplicate issues",
        "frequency": [
          {
            "weekDay": 0,
            "hours": [
              3,
              9,
              15,
              21
            ]
          },
          {
            "weekDay": 1,
            "hours": [
              3,
              9,
              15,
              21
            ]
          },
          {
            "weekDay": 2,
            "hours": [
              3,
              9,
              15,
              21
            ]
          },
          {
            "weekDay": 3,
            "hours": [
              3,
              9,
              15,
              21
            ]
          },
          {
            "weekDay": 4,
            "hours": [
              3,
              9,
              15,
              21
            ]
          },
          {
            "weekDay": 5,
            "hours": [
              3,
              9,
              15,
              21
            ]
          },
          {
            "weekDay": 6,
            "hours": [
              3,
              9,
              15,
              21
            ]
          }
        ],
        "searchTerms": [
          {
            "name": "isIssue",
            "parameters": {}
          },
          {
            "name": "isOpen",
            "parameters": {}
          },
          {
            "name": "hasLabel",
            "parameters": {
              "label": "duplicate"
            }
          },
          {
            "name": "noActivitySince",
            "parameters": {
              "days": 1
            }
          }
        ],
        "actions": [
          {
            "name": "addReply",
            "parameters": {
              "comment": "This issue has been marked as duplicate and has not had any activity for **1 day**. It will be closed for housekeeping purposes."
            }
          },
          {
            "name": "closeIssue",
            "parameters": {}
          }
        ]
      },
      "id": "b8Ew8VkNyjT"
    },
    {
      "taskType": "trigger",
      "capabilityId": "InPrLabel",
      "subCapability": "InPrLabel",
      "version": "1.0",
      "config": {
        "taskName": "Add 'In-PR' label on issue when an open pull request is targeting it",
        "inPrLabelText": "Status: In PR",
        "fixedLabelText": "Status: Fixed",
        "fixedLabelEnabled": true
      },
      "id": "bvY9lvxgkPi"
    }
  ],
  "userGroups": []
}
